1;Voce gosta de resolver problemas de logica?;Raciocinio;CC;SIM
2;Voce se interessa por planejar sistemas grandes?;Projetos;ES;SIM
3;Voce prefere aprender criando aplicacoes praticas?;Aprendizagem;ADS;SIM
4;Voce prefere atividades com pouca programacao?;Interesse;CC;NAO
5;Algoritmos fazem parte das habilidades desenvolvidas no curso?;Desenvolvimento de Sistemas;ADS;SIM
6;O curso aborda programacao para a web?;Tecnologias;ADS;SIM
7;Banco de dados e um dos conteudos abordados no curso?;Tecnologias;ADS;SIM
8;Computacao em nuvem faz parte dos conteudos apresentados para ADS?;Tecnologias;ADS;SIM
9;O curso aborda programacao para dispositivos moveis?;Tecnologias;ADS;SIM
10;Um profissional de ADS pode atuar como programador?;Mercado e Atuacao;ADS;SIM
11;Um profissional de ADS pode atuar como administrador de dados?;Mercado e Atuacao;ADS;SIM
12;O curso de ADS tem duracao de quatro semestres na Braz Cubas?;Mercado e Atuacao;ADS;SIM